"Package","LibPath","Version","Priority","Depends","Imports","LinkingTo","Suggests","Enhances","License","License_is_FOSS","License_restricts_use","OS_type","MD5sum","NeedsCompilation","Built"
"abind","C:/Users/julie/OneDrive/Documents/Master MIASHS/Outils et logiciels d'analyse/Projet/renv/library/R-4.1/x86_64-w64-mingw32","1.4-5",NA,"R (>= 1.5.0)","methods, utils",NA,NA,NA,"LGPL (>= 2)",NA,NA,NA,NA,"no","4.1.1"
"askpass","C:/Users/julie/OneDrive/Documents/Master MIASHS/Outils et logiciels d'analyse/Projet/renv/library/R-4.1/x86_64-w64-mingw32","1.1",NA,NA,"sys (>= 2.1)",NA,"testthat",NA,"MIT + file LICENSE",NA,NA,NA,NA,"yes","4.1.3"
"assertthat","C:/Users/julie/OneDrive/Documents/Master MIASHS/Outils et logiciels d'analyse/Projet/renv/library/R-4.1/x86_64-w64-mingw32","0.2.1",NA,NA,"tools",NA,"testthat, covr",NA,"GPL-3",NA,NA,NA,NA,"no","4.1.3"
"backports","C:/Users/julie/OneDrive/Documents/Master MIASHS/Outils et logiciels d'analyse/Projet/renv/library/R-4.1/x86_64-w64-mingw32","1.4.1",NA,"R (>= 3.0.0)",NA,NA,NA,NA,"GPL-2 | GPL-3",NA,NA,NA,NA,"yes","4.1.2"
"base64enc","C:/Users/julie/OneDrive/Documents/Master MIASHS/Outils et logiciels d'analyse/Projet/renv/library/R-4.1/x86_64-w64-mingw32","0.1-3",NA,"R (>= 2.9.0)",NA,NA,NA,"png","GPL-2 | GPL-3",NA,NA,NA,NA,"yes","4.1.1"
"bit","C:/Users/julie/OneDrive/Documents/Master MIASHS/Outils et logiciels d'analyse/Projet/renv/library/R-4.1/x86_64-w64-mingw32","4.0.4",NA,"R (>= 2.9.2)",NA,NA,"testthat (>= 0.11.0), roxygen2, knitr, rmarkdown,
microbenchmark, bit64 (>= 4.0.0), ff (>= 4.0.0)",NA,"GPL-2 | GPL-3",NA,NA,NA,NA,"yes","4.1.3"
"bit64","C:/Users/julie/OneDrive/Documents/Master MIASHS/Outils et logiciels d'analyse/Projet/renv/library/R-4.1/x86_64-w64-mingw32","4.0.5",NA,"R (>= 3.0.1), bit (>= 4.0.0), utils, methods, stats",NA,NA,NA,NA,"GPL-2 | GPL-3",NA,NA,NA,NA,"yes","4.1.3"
"blob","C:/Users/julie/OneDrive/Documents/Master MIASHS/Outils et logiciels d'analyse/Projet/renv/library/R-4.1/x86_64-w64-mingw32","1.2.3",NA,NA,"methods, rlang, vctrs (>= 0.2.1)",NA,"covr, crayon, pillar (>= 1.2.1), testthat",NA,"MIT + file LICENSE",NA,NA,NA,NA,"no","4.1.3"
"boot","C:/Users/julie/OneDrive/Documents/Master MIASHS/Outils et logiciels d'analyse/Projet/renv/library/R-4.1/x86_64-w64-mingw32","1.3-28","recommended","R (>= 3.0.0), graphics, stats",NA,NA,"MASS, survival",NA,"Unlimited",NA,NA,NA,NA,"no","4.1.2"
"brio","C:/Users/julie/OneDrive/Documents/Master MIASHS/Outils et logiciels d'analyse/Projet/renv/library/R-4.1/x86_64-w64-mingw32","1.1.3",NA,NA,NA,NA,"covr, testthat (>= 2.1.0)",NA,"MIT + file LICENSE",NA,NA,NA,NA,"yes","4.1.3"
"broom","C:/Users/julie/OneDrive/Documents/Master MIASHS/Outils et logiciels d'analyse/Projet/renv/library/R-4.1/x86_64-w64-mingw32","1.0.1",NA,"R (>= 3.1)","backports, dplyr (>= 1.0.0), ellipsis, generics (>= 0.0.2),
glue, purrr, rlang, stringr, tibble (>= 3.0.0), tidyr (>=
1.0.0), ggplot2",NA,"AER, AUC, bbmle, betareg, biglm, binGroup, boot, btergm (>=
1.10.6), car, carData, caret, cluster, cmprsk, coda, covr, drc,
e1071, emmeans, epiR, ergm (>= 3.10.4), fixest (>= 0.9.0), gam
(>= 1.15), gee, geepack, glmnet, glmnetUtils, gmm, Hmisc,
irlba, interp, joineRML, Kendall, knitr, ks, Lahman, lavaan,
leaps, lfe, lm.beta, lme4, lmodel2, lmtest (>= 0.9.38),
lsmeans, maps, maptools, margins, MASS, mclust, mediation,
metafor, mfx, mgcv, mlogit, modeldata, modeltests, muhaz,
multcomp, network, nnet, orcutt (>= 2.2), ordinal, plm, poLCA,
psych, quantreg, rgeos, rmarkdown, robust, robustbase, rsample,
sandwich, sp, spdep (>= 1.1), spatialreg, speedglm, spelling,
survey, survival, systemfit, testthat (>= 2.1.0), tseries,
vars, zoo",NA,"MIT + file LICENSE",NA,NA,NA,NA,"no","4.1.3"
"bslib","C:/Users/julie/OneDrive/Documents/Master MIASHS/Outils et logiciels d'analyse/Projet/renv/library/R-4.1/x86_64-w64-mingw32","0.3.1",NA,"R (>= 2.10)","grDevices, htmltools (>= 0.5.2), jsonlite, sass (>= 0.4.0),
jquerylib (>= 0.1.3), rlang",NA,"shiny (>= 1.6.0), rmarkdown (>= 2.7), thematic, knitr,
testthat, withr, rappdirs, curl, magrittr",NA,"MIT + file LICENSE",NA,NA,NA,NA,"no","4.1.3"
"cachem","C:/Users/julie/OneDrive/Documents/Master MIASHS/Outils et logiciels d'analyse/Projet/renv/library/R-4.1/x86_64-w64-mingw32","1.0.6",NA,NA,"rlang, fastmap",NA,"testthat",NA,"MIT + file LICENSE",NA,NA,NA,NA,"yes","4.1.3"
"callr","C:/Users/julie/OneDrive/Documents/Master MIASHS/Outils et logiciels d'analyse/Projet/renv/library/R-4.1/x86_64-w64-mingw32","3.7.0",NA,NA,"processx (>= 3.5.0), R6, utils",NA,"cli, covr, ps, rprojroot, spelling, testthat, withr (>=
2.3.0)",NA,"MIT + file LICENSE",NA,NA,NA,NA,"no","4.1.3"
"car","C:/Users/julie/OneDrive/Documents/Master MIASHS/Outils et logiciels d'analyse/Projet/renv/library/R-4.1/x86_64-w64-mingw32","3.1-1",NA,"R (>= 3.5.0), carData (>= 3.0-0)","abind, MASS, mgcv, nnet, pbkrtest (>= 0.4-4), quantreg,
grDevices, utils, stats, graphics, lme4 (>= 1.1-27.1), nlme,
scales",NA,"alr4, boot, coxme, effects, knitr, leaps, lmtest, Matrix,
MatrixModels, mvtnorm, rgl (>= 0.93.960), rio, sandwich,
SparseM, survival, survey",NA,"GPL (>= 2)",NA,NA,NA,NA,"no","4.1.3"
"carData","C:/Users/julie/OneDrive/Documents/Master MIASHS/Outils et logiciels d'analyse/Projet/renv/library/R-4.1/x86_64-w64-mingw32","3.0-5",NA,"R (>= 3.5.0)",NA,NA,"car (>= 3.0-0)",NA,"GPL (>= 2)",NA,NA,NA,NA,"no","4.1.3"
"cellranger","C:/Users/julie/OneDrive/Documents/Master MIASHS/Outils et logiciels d'analyse/Projet/renv/library/R-4.1/x86_64-w64-mingw32","1.1.0",NA,"R (>= 3.0.0)","rematch, tibble",NA,"covr, testthat (>= 1.0.0), knitr, rmarkdown",NA,"MIT + file LICENSE",NA,NA,NA,NA,"no","4.1.3"
"class","C:/Users/julie/OneDrive/Documents/Master MIASHS/Outils et logiciels d'analyse/Projet/renv/library/R-4.1/x86_64-w64-mingw32","7.3-20","recommended","R (>= 3.0.0), stats, utils","MASS",NA,NA,NA,"GPL-2 | GPL-3",NA,NA,NA,NA,"yes","4.1.3"
"classInt","C:/Users/julie/OneDrive/Documents/Master MIASHS/Outils et logiciels d'analyse/Projet/renv/library/R-4.1/x86_64-w64-mingw32","0.4-7",NA,"R (>= 2.2)","grDevices, stats, graphics, e1071, class, KernSmooth",NA,"spData (>= 0.2.6.2), units, knitr, rmarkdown",NA,"GPL (>= 2)",NA,NA,NA,NA,"yes","4.1.3"
"cli","C:/Users/julie/OneDrive/Documents/Master MIASHS/Outils et logiciels d'analyse/Projet/renv/library/R-4.1/x86_64-w64-mingw32","3.3.0",NA,"R (>= 3.4)","glue (>= 1.6.0), utils",NA,"asciicast, callr, covr, digest, grDevices, htmltools,
htmlwidgets, knitr, methods, mockery, processx, ps (>=
1.3.4.9000), rlang, rmarkdown, rstudioapi, shiny, testthat,
tibble, whoami, withr",NA,"MIT + file LICENSE",NA,NA,NA,NA,"yes","4.1.3"
"clipr","C:/Users/julie/OneDrive/Documents/Master MIASHS/Outils et logiciels d'analyse/Projet/renv/library/R-4.1/x86_64-w64-mingw32","0.8.0",NA,NA,"utils",NA,"covr, knitr, rmarkdown, rstudioapi (>= 0.5), testthat (>=
2.0.0)",NA,"GPL-3",NA,NA,NA,NA,"no","4.1.3"
"cluster","C:/Users/julie/OneDrive/Documents/Master MIASHS/Outils et logiciels d'analyse/Projet/renv/library/R-4.1/x86_64-w64-mingw32","2.1.3","recommended","R (>= 3.5.0)","graphics, grDevices, stats, utils",NA,"MASS, Matrix",NA,"GPL (>= 2)",NA,NA,NA,NA,"yes","4.1.3"
"colorspace","C:/Users/julie/OneDrive/Documents/Master MIASHS/Outils et logiciels d'analyse/Projet/renv/library/R-4.1/x86_64-w64-mingw32","2.0-3",NA,"R (>= 3.0.0), methods","graphics, grDevices, stats",NA,"datasets, utils, KernSmooth, MASS, kernlab, mvtnorm, vcd,
tcltk, shiny, shinyjs, ggplot2, dplyr, scales, grid, png, jpeg,
knitr, rmarkdown, RColorBrewer, rcartocolor, scico, viridis,
wesanderson",NA,"BSD_3_clause + file LICENSE",NA,NA,NA,NA,"yes","4.1.3"
"commonmark","C:/Users/julie/OneDrive/Documents/Master MIASHS/Outils et logiciels d'analyse/Projet/renv/library/R-4.1/x86_64-w64-mingw32","1.8.0",NA,NA,NA,NA,"curl, testthat, xml2",NA,"BSD_2_clause + file LICENSE",NA,NA,NA,NA,"yes","4.1.3"
"cpp11","C:/Users/julie/OneDrive/Documents/Master MIASHS/Outils et logiciels d'analyse/Projet/renv/library/R-4.1/x86_64-w64-mingw32","0.4.2",NA,NA,NA,NA,"bench, brio, callr, cli, covr, decor, desc, ggplot2, glue,
knitr, lobstr, mockery, progress, rmarkdown, scales, Rcpp,
testthat, tibble, utils, vctrs, withr",NA,"MIT + file LICENSE",NA,NA,NA,NA,"no","4.1.3"
"crayon","C:/Users/julie/OneDrive/Documents/Master MIASHS/Outils et logiciels d'analyse/Projet/renv/library/R-4.1/x86_64-w64-mingw32","1.5.1",NA,NA,"grDevices, methods, utils",NA,"mockery, rstudioapi, testthat, withr",NA,"MIT + file LICENSE",NA,NA,NA,NA,"no","4.1.3"
"crosstalk","C:/Users/julie/OneDrive/Documents/Master MIASHS/Outils et logiciels d'analyse/Projet/renv/library/R-4.1/x86_64-w64-mingw32","1.2.0",NA,NA,"htmltools (>= 0.3.6), jsonlite, lazyeval, R6",NA,"shiny, ggplot2, testthat (>= 2.1.0), sass, bslib",NA,"MIT + file LICENSE",NA,NA,NA,NA,"no","4.1.3"
"curl","C:/Users/julie/OneDrive/Documents/Master MIASHS/Outils et logiciels d'analyse/Projet/renv/library/R-4.1/x86_64-w64-mingw32","4.3.2",NA,"R (>= 3.0.0)",NA,NA,"spelling, testthat (>= 1.0.0), knitr, jsonlite, rmarkdown,
magrittr, httpuv (>= 1.4.4), webutils",NA,"MIT + file LICENSE",NA,NA,NA,NA,"yes","4.1.3"
"data.table","C:/Users/julie/OneDrive/Documents/Master MIASHS/Outils et logiciels d'analyse/Projet/renv/library/R-4.1/x86_64-w64-mingw32","1.14.2",NA,"R (>= 3.1.0)","methods",NA,"bit64 (>= 4.0.0), bit (>= 4.0.4), curl, R.utils, xts,
nanotime, zoo (>= 1.8-1), yaml, knitr, rmarkdown",NA,"MPL-2.0 | file LICENSE",NA,NA,NA,NA,"yes","4.1.3"
"DBI","C:/Users/julie/OneDrive/Documents/Master MIASHS/Outils et logiciels d'analyse/Projet/renv/library/R-4.1/x86_64-w64-mingw32","1.1.2",NA,"methods, R (>= 3.0.0)",NA,NA,"blob, covr, DBItest, dbplyr, downlit, dplyr, glue, hms,
knitr, magrittr, RMariaDB, rmarkdown, rprojroot, RSQLite (>=
1.1-2), testthat, xml2",NA,"LGPL (>= 2.1)",NA,NA,NA,NA,"no","4.1.3"
"dbplyr","C:/Users/julie/OneDrive/Documents/Master MIASHS/Outils et logiciels d'analyse/Projet/renv/library/R-4.1/x86_64-w64-mingw32","2.2.1",NA,"R (>= 3.1)","assertthat (>= 0.2.0), blob (>= 1.2.0), cli (>= 3.3.0), DBI
(>= 1.0.0), dplyr (>= 1.0.9), glue (>= 1.2.0), lifecycle (>=
1.0.0), magrittr, methods, pillar (>= 1.5.0), purrr (>= 0.2.5),
R6 (>= 2.2.2), rlang (>= 1.0.0), tibble (>= 1.4.2), tidyselect
(>= 0.2.4), utils, vctrs (>= 0.4.1), withr",NA,"bit64, covr, knitr, Lahman, nycflights13, odbc, RMariaDB (>=
1.0.2), rmarkdown, RPostgres (>= 1.1.3), RPostgreSQL, RSQLite
(>= 2.1.0), testthat (>= 3.0.2), tidyr (>= 1.2.0)",NA,"MIT + file LICENSE",NA,NA,NA,NA,"no","4.1.3"
"desc","C:/Users/julie/OneDrive/Documents/Master MIASHS/Outils et logiciels d'analyse/Projet/renv/library/R-4.1/x86_64-w64-mingw32","1.4.1",NA,"R (>= 3.4)","cli, R6, rprojroot, utils",NA,"callr, covr, gh, spelling, testthat, whoami, withr",NA,"MIT + file LICENSE",NA,NA,NA,NA,"no","4.1.3"
"diffobj","C:/Users/julie/OneDrive/Documents/Master MIASHS/Outils et logiciels d'analyse/Projet/renv/library/R-4.1/x86_64-w64-mingw32","0.3.5",NA,"R (>= 3.1.0)","crayon (>= 1.3.2), tools, methods, utils, stats",NA,"knitr, rmarkdown",NA,"GPL-2 | GPL-3",NA,NA,NA,NA,"yes","4.1.3"
"digest","C:/Users/julie/OneDrive/Documents/Master MIASHS/Outils et logiciels d'analyse/Projet/renv/library/R-4.1/x86_64-w64-mingw32","0.6.29",NA,"R (>= 3.3.0)","utils",NA,"tinytest, simplermarkdown",NA,"GPL (>= 2)",NA,NA,NA,NA,"yes","4.1.3"
"dplyr","C:/Users/julie/OneDrive/Documents/Master MIASHS/Outils et logiciels d'analyse/Projet/renv/library/R-4.1/x86_64-w64-mingw32","1.0.10",NA,"R (>= 3.4.0)","generics, glue (>= 1.3.2), lifecycle (>= 1.0.1), magrittr (>=
1.5), methods, R6, rlang (>= 1.0.2), tibble (>= 2.1.3),
tidyselect (>= 1.1.1), utils, vctrs (>= 0.4.1), pillar (>=
1.5.1)",NA,"bench, broom, callr, covr, DBI, dbplyr (>= 1.4.3), ggplot2,
knitr, Lahman, lobstr, microbenchmark, nycflights13, purrr,
rmarkdown, RMySQL, RPostgreSQL, RSQLite, testthat (>= 3.1.1),
tidyr, withr",NA,"MIT + file LICENSE",NA,NA,NA,NA,"yes","4.1.3"
"DT","C:/Users/julie/OneDrive/Documents/Master MIASHS/Outils et logiciels d'analyse/Projet/renv/library/R-4.1/x86_64-w64-mingw32","0.26",NA,NA,"htmltools (>= 0.3.6), htmlwidgets (>= 1.3), jsonlite (>=
0.9.16), magrittr, crosstalk, jquerylib, promises",NA,"knitr (>= 1.8), rmarkdown, shiny (>= 1.6), bslib, future,
testit",NA,"GPL-3 | file LICENSE",NA,NA,NA,NA,"no","4.1.3"
"dtplyr","C:/Users/julie/OneDrive/Documents/Master MIASHS/Outils et logiciels d'analyse/Projet/renv/library/R-4.1/x86_64-w64-mingw32","1.2.2",NA,"R (>= 3.3)","crayon, data.table (>= 1.13.0), dplyr (>= 1.0.3), ellipsis,
glue, lifecycle, rlang, tibble, tidyselect, vctrs",NA,"bench, covr, knitr, rmarkdown, testthat (>= 3.0.0), tidyr (>=
1.1.0)",NA,"MIT + file LICENSE",NA,NA,NA,NA,"no","4.1.3"
"e1071","C:/Users/julie/OneDrive/Documents/Master MIASHS/Outils et logiciels d'analyse/Projet/renv/library/R-4.1/x86_64-w64-mingw32","1.7-9",NA,NA,"graphics, grDevices, class, stats, methods, utils, proxy",NA,"cluster, mlbench, nnet, randomForest, rpart, SparseM, xtable,
Matrix, MASS, slam",NA,"GPL-2 | GPL-3",NA,NA,NA,NA,"yes","4.1.3"
"ellipse","C:/Users/julie/OneDrive/Documents/Master MIASHS/Outils et logiciels d'analyse/Projet/renv/library/R-4.1/x86_64-w64-mingw32","0.4.3",NA,"R (>= 2.0.0),graphics,stats",NA,NA,"MASS",NA,"GPL (>= 2)",NA,NA,NA,NA,"no","4.1.3"
"ellipsis","C:/Users/julie/OneDrive/Documents/Master MIASHS/Outils et logiciels d'analyse/Projet/renv/library/R-4.1/x86_64-w64-mingw32","0.3.2",NA,"R (>= 3.2)","rlang (>= 0.3.0)",NA,"covr, testthat",NA,"MIT + file LICENSE",NA,NA,NA,NA,"yes","4.1.3"
"emmeans","C:/Users/julie/OneDrive/Documents/Master MIASHS/Outils et logiciels d'analyse/Projet/renv/library/R-4.1/x86_64-w64-mingw32","1.8.2",NA,"R (>= 4.1.0)","estimability (>= 1.4.1), graphics, methods, numDeriv, stats,
utils, mvtnorm, xtable (>= 1.8-2)",NA,"bayesplot, bayestestR, biglm, brms, car, coda (>= 0.17),
ggplot2, lattice, logspline, mediation, mgcv, multcomp,
multcompView, nlme, ordinal (>= 2014.11-12), pbkrtest (>=
0.4-1), lme4, lmerTest (>= 2.0.32), MASS, MuMIn, rsm, knitr,
rmarkdown, sandwich, scales, splines, testthat","CARBayes, coxme, gee, geepack, MCMCglmm, MCMCpack, mice,
nnet, pscl, rstanarm, sommer, survival","GPL-2 | GPL-3",NA,NA,NA,NA,"no","4.1.3"
"estimability","C:/Users/julie/OneDrive/Documents/Master MIASHS/Outils et logiciels d'analyse/Projet/renv/library/R-4.1/x86_64-w64-mingw32","1.4.1",NA,"stats",NA,NA,NA,NA,"GPL (>= 3)",NA,NA,NA,NA,"no","4.1.3"
"evaluate","C:/Users/julie/OneDrive/Documents/Master MIASHS/Outils et logiciels d'analyse/Projet/renv/library/R-4.1/x86_64-w64-mingw32","0.15",NA,"R (>= 3.0.2)","methods",NA,"covr, ggplot2, lattice, testthat",NA,"MIT + file LICENSE",NA,NA,NA,NA,"no","4.1.3"
"FactoMineR","C:/Users/julie/OneDrive/Documents/Master MIASHS/Outils et logiciels d'analyse/Projet/renv/library/R-4.1/x86_64-w64-mingw32","2.6",NA,"R (>= 4.0)","car,cluster,DT,ellipse,emmeans,flashClust,graphics,grDevices,lattice,leaps,MASS,multcompView,scatterplot3d,stats,utils,ggplot2,ggrepel",NA,"missMDA,knitr,Factoshiny,markdown",NA,"GPL (>= 2)",NA,NA,NA,NA,"yes","4.1.3"
"fansi","C:/Users/julie/OneDrive/Documents/Master MIASHS/Outils et logiciels d'analyse/Projet/renv/library/R-4.1/x86_64-w64-mingw32","1.0.3",NA,"R (>= 3.1.0)","grDevices, utils",NA,"unitizer, knitr, rmarkdown",NA,"GPL-2 | GPL-3",NA,NA,NA,NA,"yes","4.1.3"
"farver","C:/Users/julie/OneDrive/Documents/Master MIASHS/Outils et logiciels d'analyse/Projet/renv/library/R-4.1/x86_64-w64-mingw32","2.1.0",NA,NA,NA,NA,"testthat (>= 2.1.0), covr",NA,"MIT + file LICENSE",NA,NA,NA,NA,"yes","4.1.3"
"fastmap","C:/Users/julie/OneDrive/Documents/Master MIASHS/Outils et logiciels d'analyse/Projet/renv/library/R-4.1/x86_64-w64-mingw32","1.1.0",NA,NA,NA,NA,"testthat (>= 2.1.1)",NA,"MIT + file LICENSE",NA,NA,NA,NA,"yes","4.1.3"
"flashClust","C:/Users/julie/OneDrive/Documents/Master MIASHS/Outils et logiciels d'analyse/Projet/renv/library/R-4.1/x86_64-w64-mingw32","1.01-2",NA,"R (>= 2.3.0)",NA,NA,NA,NA,"GPL (>= 2)",NA,NA,NA,NA,NA,"4.1.1"
"fontawesome","C:/Users/julie/OneDrive/Documents/Master MIASHS/Outils et logiciels d'analyse/Projet/renv/library/R-4.1/x86_64-w64-mingw32","0.3.0",NA,"R (>= 3.3.0)","rlang (>= 0.4.10), htmltools (>= 0.5.1.1)",NA,"covr, dplyr (>= 1.0.8), knitr (>= 1.31), testthat (>= 3.0.0),
rsvg",NA,"MIT + file LICENSE",NA,NA,NA,NA,"no","4.1.3"
"forcats","C:/Users/julie/OneDrive/Documents/Master MIASHS/Outils et logiciels d'analyse/Projet/renv/library/R-4.1/x86_64-w64-mingw32","0.5.2",NA,"R (>= 3.4)","cli, ellipsis, glue, lifecycle, magrittr, rlang (>= 1.0.0),
tibble, withr",NA,"covr, dplyr, ggplot2, knitr, readr, rmarkdown, testthat (>=
3.0.0)",NA,"MIT + file LICENSE",NA,NA,NA,NA,"no","4.1.3"
"fs","C:/Users/julie/OneDrive/Documents/Master MIASHS/Outils et logiciels d'analyse/Projet/renv/library/R-4.1/x86_64-w64-mingw32","1.5.2",NA,"R (>= 3.1)","methods",NA,"testthat, covr, pillar (>= 1.0.0), tibble (>= 1.1.0), crayon,
rmarkdown, knitr, withr, spelling, vctrs (>= 0.3.0)",NA,"MIT + file LICENSE",NA,NA,NA,NA,"yes","4.1.3"
"gargle","C:/Users/julie/OneDrive/Documents/Master MIASHS/Outils et logiciels d'analyse/Projet/renv/library/R-4.1/x86_64-w64-mingw32","1.2.1",NA,"R (>= 3.5)","cli (>= 3.0.0), fs (>= 1.3.1), glue (>= 1.3.0), httr (>=
1.4.0), jsonlite, rappdirs, rlang (>= 1.0.0), rstudioapi,
stats, utils, withr",NA,"aws.ec2metadata, aws.signature, covr, httpuv, knitr, mockr,
rmarkdown, sodium, spelling, testthat (>= 3.1.2)",NA,"MIT + file LICENSE",NA,NA,NA,NA,"no","4.1.3"
"generics","C:/Users/julie/OneDrive/Documents/Master MIASHS/Outils et logiciels d'analyse/Projet/renv/library/R-4.1/x86_64-w64-mingw32","0.1.2",NA,"R (>= 3.2)","methods",NA,"covr, pkgload, testthat (>= 3.0.0), tibble, withr",NA,"MIT + file LICENSE",NA,NA,NA,NA,"no","4.1.3"
"ggplot2","C:/Users/julie/OneDrive/Documents/Master MIASHS/Outils et logiciels d'analyse/Projet/renv/library/R-4.1/x86_64-w64-mingw32","3.3.6",NA,"R (>= 3.3)","digest, glue, grDevices, grid, gtable (>= 0.1.1), isoband,
MASS, mgcv, rlang (>= 0.4.10), scales (>= 0.5.0), stats,
tibble, withr (>= 2.0.0)",NA,"covr, ragg, dplyr, ggplot2movies, hexbin, Hmisc, interp,
knitr, lattice, mapproj, maps, maptools, multcomp, munsell,
nlme, profvis, quantreg, RColorBrewer, rgeos, rmarkdown, rpart,
sf (>= 0.7-3), svglite (>= 1.2.0.9001), testthat (>= 2.1.0),
vdiffr (>= 1.0.0), xml2","sp","MIT + file LICENSE",NA,NA,NA,NA,"no","4.1.3"
"ggrepel","C:/Users/julie/OneDrive/Documents/Master MIASHS/Outils et logiciels d'analyse/Projet/renv/library/R-4.1/x86_64-w64-mingw32","0.9.2",NA,"R (>= 3.0.0), ggplot2 (>= 2.2.0)","grid, Rcpp, rlang (>= 0.3.0), scales (>= 0.5.0)","Rcpp","knitr, rmarkdown, testthat, svglite, vdiffr, gridExtra,
devtools, prettydoc, ggbeeswarm, dplyr, magrittr, readr,
stringr, withr",NA,"GPL-3 | file LICENSE",NA,NA,NA,NA,"yes","4.1.3"
"glue","C:/Users/julie/OneDrive/Documents/Master MIASHS/Outils et logiciels d'analyse/Projet/renv/library/R-4.1/x86_64-w64-mingw32","1.6.2",NA,"R (>= 3.4)","methods",NA,"covr, crayon, DBI, dplyr, forcats, ggplot2, knitr, magrittr,
microbenchmark, R.utils, rmarkdown, rprintf, RSQLite, stringr,
testthat (>= 3.0.0), vctrs (>= 0.3.0), waldo (>= 0.3.0), withr",NA,"MIT + file LICENSE",NA,NA,NA,NA,"yes","4.1.3"
"googledrive","C:/Users/julie/OneDrive/Documents/Master MIASHS/Outils et logiciels d'analyse/Projet/renv/library/R-4.1/x86_64-w64-mingw32","2.0.0",NA,"R (>= 3.3)","cli (>= 3.0.0), gargle (>= 1.2.0), glue (>= 1.4.2), httr,
jsonlite, lifecycle, magrittr, pillar, purrr (>= 0.2.3), rlang
(>= 0.4.9), tibble (>= 2.0.0), utils, uuid, vctrs (>= 0.3.0),
withr",NA,"covr, curl, downlit, dplyr (>= 1.0.0), knitr, mockr,
rmarkdown, roxygen2, sodium, spelling, testthat (>= 3.0.0)",NA,"MIT + file LICENSE",NA,NA,NA,NA,"no","4.1.3"
"googlesheets4","C:/Users/julie/OneDrive/Documents/Master MIASHS/Outils et logiciels d'analyse/Projet/renv/library/R-4.1/x86_64-w64-mingw32","1.0.1",NA,"R (>= 3.4)","cellranger, cli (>= 3.0.0), curl, gargle (>= 1.2.0), glue (>=
1.3.0), googledrive (>= 2.0.0), httr, ids, magrittr, methods,
purrr, rematch2, rlang (>= 1.0.2), tibble (>= 2.1.1), utils,
vctrs (>= 0.2.3)",NA,"covr, readr, rmarkdown, sodium, spelling, testthat (>=
3.1.3), withr",NA,"MIT + file LICENSE",NA,NA,NA,NA,"no","4.1.3"
"gtable","C:/Users/julie/OneDrive/Documents/Master MIASHS/Outils et logiciels d'analyse/Projet/renv/library/R-4.1/x86_64-w64-mingw32","0.3.0",NA,"R (>= 3.0)","grid",NA,"covr, testthat, knitr, rmarkdown, ggplot2, profvis",NA,"GPL-2",NA,NA,NA,NA,"no","4.1.3"
"haven","C:/Users/julie/OneDrive/Documents/Master MIASHS/Outils et logiciels d'analyse/Projet/renv/library/R-4.1/x86_64-w64-mingw32","2.5.1",NA,"R (>= 3.4)","cli (>= 3.0.0), forcats (>= 0.2.0), hms, lifecycle, methods,
readr (>= 0.1.0), rlang (>= 0.4.0), tibble, tidyselect, vctrs
(>= 0.3.0)","cpp11","covr, crayon, fs, knitr, pillar (>= 1.4.0), rmarkdown,
testthat (>= 3.0.0)",NA,"MIT + file LICENSE",NA,NA,NA,NA,"yes","4.1.3"
"highr","C:/Users/julie/OneDrive/Documents/Master MIASHS/Outils et logiciels d'analyse/Projet/renv/library/R-4.1/x86_64-w64-mingw32","0.9",NA,"R (>= 3.2.3)","xfun (>= 0.18)",NA,"knitr, markdown, testit",NA,"GPL",NA,NA,NA,NA,"no","4.1.3"
"hms","C:/Users/julie/OneDrive/Documents/Master MIASHS/Outils et logiciels d'analyse/Projet/renv/library/R-4.1/x86_64-w64-mingw32","1.1.1",NA,NA,"ellipsis (>= 0.3.2), lifecycle, methods, pkgconfig, rlang,
vctrs (>= 0.3.8)",NA,"crayon, lubridate, pillar (>= 1.1.0), testthat (>= 3.0.0)",NA,"MIT + file LICENSE",NA,NA,NA,NA,"no","4.1.3"
"htmltools","C:/Users/julie/OneDrive/Documents/Master MIASHS/Outils et logiciels d'analyse/Projet/renv/library/R-4.1/x86_64-w64-mingw32","0.5.2",NA,"R (>= 2.14.1)","utils, digest, grDevices, base64enc, rlang (>= 0.4.10),
fastmap",NA,"markdown, testthat, withr, Cairo, ragg, shiny","knitr","GPL (>= 2)",NA,NA,NA,NA,"yes","4.1.3"
"htmlwidgets","C:/Users/julie/OneDrive/Documents/Master MIASHS/Outils et logiciels d'analyse/Projet/renv/library/R-4.1/x86_64-w64-mingw32","1.5.4",NA,NA,"grDevices, htmltools (>= 0.3), jsonlite (>= 0.9.16), yaml",NA,"knitr (>= 1.8), rmarkdown, testthat","shiny (>= 1.1)","MIT + file LICENSE",NA,NA,NA,NA,"no","4.1.3"
"httpuv","C:/Users/julie/OneDrive/Documents/Master MIASHS/Outils et logiciels d'analyse/Projet/renv/library/R-4.1/x86_64-w64-mingw32","1.6.6",NA,"R (>= 2.15.1)","Rcpp (>= 1.0.7), utils, R6, promises, later (>= 0.8.0)","Rcpp, later","testthat, callr, curl, websocket",NA,"GPL (>= 2) | file LICENSE",NA,NA,NA,NA,"yes","4.1.3"
"httr","C:/Users/julie/OneDrive/Documents/Master MIASHS/Outils et logiciels d'analyse/Projet/renv/library/R-4.1/x86_64-w64-mingw32","1.4.3",NA,"R (>= 3.2)","curl (>= 3.0.0), jsonlite, mime, openssl (>= 0.8), R6",NA,"covr, httpuv, jpeg, knitr, png, readr, rmarkdown, testthat
(>= 0.8.0), xml2",NA,"MIT + file LICENSE",NA,NA,NA,NA,"no","4.1.2"
"ids","C:/Users/julie/OneDrive/Documents/Master MIASHS/Outils et logiciels d'analyse/Projet/renv/library/R-4.1/x86_64-w64-mingw32","1.0.1",NA,NA,"openssl, uuid",NA,"knitr, rcorpora, rmarkdown, testthat",NA,"MIT + file LICENSE",NA,NA,NA,NA,"no","4.1.3"
"isoband","C:/Users/julie/OneDrive/Documents/Master MIASHS/Outils et logiciels d'analyse/Projet/renv/library/R-4.1/x86_64-w64-mingw32","0.2.5",NA,NA,"grid, utils",NA,"covr, ggplot2, knitr, magick, microbenchmark, rmarkdown, sf,
testthat, xml2",NA,"MIT + file LICENSE",NA,NA,NA,NA,"yes","4.1.3"
"jquerylib","C:/Users/julie/OneDrive/Documents/Master MIASHS/Outils et logiciels d'analyse/Projet/renv/library/R-4.1/x86_64-w64-mingw32","0.1.4",NA,NA,"htmltools",NA,"testthat",NA,"MIT + file LICENSE",NA,NA,NA,NA,"no","4.1.3"
"jsonlite","C:/Users/julie/OneDrive/Documents/Master MIASHS/Outils et logiciels d'analyse/Projet/renv/library/R-4.1/x86_64-w64-mingw32","1.8.0",NA,"methods",NA,NA,"httr, curl, vctrs, testthat, knitr, rmarkdown, R.rsp, sf",NA,"MIT + file LICENSE",NA,NA,NA,NA,"yes","4.1.3"
"KernSmooth","C:/Users/julie/OneDrive/Documents/Master MIASHS/Outils et logiciels d'analyse/Projet/renv/library/R-4.1/x86_64-w64-mingw32","2.23-20","recommended","R (>= 2.5.0), stats",NA,NA,"MASS, carData",NA,"Unlimited",NA,NA,NA,NA,"yes","4.1.2"
"knitr","C:/Users/julie/OneDrive/Documents/Master MIASHS/Outils et logiciels d'analyse/Projet/renv/library/R-4.1/x86_64-w64-mingw32","1.39",NA,"R (>= 3.3.0)","evaluate (>= 0.15), highr, methods, stringr (>= 0.6), yaml (>=
2.1.19), xfun (>= 0.29), tools",NA,"markdown, formatR, testit, digest, rgl (>= 0.95.1201),
codetools, rmarkdown, htmlwidgets (>= 0.7), webshot, tikzDevice
(>= 0.10), tinytex, reticulate (>= 1.4), JuliaCall (>= 0.11.1),
magick, png, jpeg, gifski, xml2 (>= 1.2.0), httr, DBI (>=
0.4-1), showtext, tibble, sass, bslib, ragg, styler (>= 1.2.0),
targets (>= 0.6.0)",NA,"GPL",NA,NA,NA,NA,"no","4.1.3"
"labeling","C:/Users/julie/OneDrive/Documents/Master MIASHS/Outils et logiciels d'analyse/Projet/renv/library/R-4.1/x86_64-w64-mingw32","0.4.2",NA,NA,"stats, graphics",NA,NA,NA,"MIT + file LICENSE | Unlimited",NA,NA,NA,NA,"no","4.1.1"
"labelled","C:/Users/julie/OneDrive/Documents/Master MIASHS/Outils et logiciels d'analyse/Projet/renv/library/R-4.1/x86_64-w64-mingw32","2.10.0",NA,"R (>= 3.0)","haven (>= 2.4.1), dplyr (>= 1.0.0), lifecycle, rlang, vctrs,
stringr, tidyr",NA,"testthat, knitr, rmarkdown, questionr, snakecase, utf8, covr,
spelling","memisc","GPL-3",NA,NA,NA,NA,"no","4.1.3"
"later","C:/Users/julie/OneDrive/Documents/Master MIASHS/Outils et logiciels d'analyse/Projet/renv/library/R-4.1/x86_64-w64-mingw32","1.3.0",NA,NA,"Rcpp (>= 0.12.9), rlang","Rcpp","knitr, rmarkdown, testthat (>= 2.1.0)",NA,"MIT + file LICENSE",NA,NA,NA,NA,"yes","4.1.3"
"lattice","C:/Users/julie/OneDrive/Documents/Master MIASHS/Outils et logiciels d'analyse/Projet/renv/library/R-4.1/x86_64-w64-mingw32","0.20-45","recommended","R (>= 3.0.0)","grid, grDevices, graphics, stats, utils",NA,"KernSmooth, MASS, latticeExtra","chron","GPL (>= 2)",NA,NA,NA,NA,"yes","4.1.2"
"lazyeval","C:/Users/julie/OneDrive/Documents/Master MIASHS/Outils et logiciels d'analyse/Projet/renv/library/R-4.1/x86_64-w64-mingw32","0.2.2",NA,"R (>= 3.1.0)",NA,NA,"knitr, rmarkdown (>= 0.2.65), testthat, covr",NA,"GPL-3",NA,NA,NA,NA,"yes","4.1.3"
"leaps","C:/Users/julie/OneDrive/Documents/Master MIASHS/Outils et logiciels d'analyse/Projet/renv/library/R-4.1/x86_64-w64-mingw32","3.1",NA,"",NA,NA,"biglm",NA,"GPL (>= 2)",NA,NA,NA,NA,"yes","4.1.3"
"lifecycle","C:/Users/julie/OneDrive/Documents/Master MIASHS/Outils et logiciels d'analyse/Projet/renv/library/R-4.1/x86_64-w64-mingw32","1.0.1",NA,"R (>= 3.3)","glue, rlang (>= 0.4.10)",NA,"covr, crayon, lintr, tidyverse, knitr, rmarkdown, testthat
(>= 3.0.1), tools, tibble, vctrs",NA,"MIT + file LICENSE",NA,NA,NA,NA,"no","4.1.3"
"lme4","C:/Users/julie/OneDrive/Documents/Master MIASHS/Outils et logiciels d'analyse/Projet/renv/library/R-4.1/x86_64-w64-mingw32","1.1-31",NA,"R (>= 3.5.0), Matrix (>= 1.2-1), methods, stats","graphics, grid, splines, utils, parallel, MASS, lattice, boot,
nlme (>= 3.1-123), minqa (>= 1.1.15), nloptr (>= 1.0.4)","Rcpp (>= 0.10.5), RcppEigen","knitr, rmarkdown, MEMSS, testthat (>= 0.8.1), ggplot2,
mlmRev, optimx (>= 2013.8.6), gamm4, pbkrtest, HSAUR3,
numDeriv, car, dfoptim, mgcv, statmod, rr2, semEff, tibble,
merDeriv",NA,"GPL (>= 2)",NA,NA,NA,NA,"yes","4.1.3"
"lubridate","C:/Users/julie/OneDrive/Documents/Master MIASHS/Outils et logiciels d'analyse/Projet/renv/library/R-4.1/x86_64-w64-mingw32","1.8.0",NA,"methods, R (>= 3.2)","generics","cpp11 (>= 0.2.7)","covr, knitr, testthat (>= 2.1.0), vctrs (>= 0.3.0), rmarkdown","chron, timeDate, tis, zoo","GPL (>= 2)",NA,NA,NA,NA,"yes","4.1.3"
"magrittr","C:/Users/julie/OneDrive/Documents/Master MIASHS/Outils et logiciels d'analyse/Projet/renv/library/R-4.1/x86_64-w64-mingw32","2.0.3",NA,"R (>= 3.4.0)",NA,NA,"covr, knitr, rlang, rmarkdown, testthat",NA,"MIT + file LICENSE",NA,NA,NA,NA,"yes","4.1.3"
"MASS","C:/Users/julie/OneDrive/Documents/Master MIASHS/Outils et logiciels d'analyse/Projet/renv/library/R-4.1/x86_64-w64-mingw32","7.3-57","recommended","R (>= 3.3.0), grDevices, graphics, stats, utils","methods",NA,"lattice, nlme, nnet, survival",NA,"GPL-2 | GPL-3",NA,NA,NA,NA,"yes","4.1.3"
"Matrix","C:/Users/julie/OneDrive/Documents/Master MIASHS/Outils et logiciels d'analyse/Projet/renv/library/R-4.1/x86_64-w64-mingw32","1.5-3","recommended","R (>= 3.5.0), methods","graphics, grid, lattice, stats, utils",NA,"expm, MASS","MatrixModels, graph, SparseM, sfsmisc, igraph, maptools, sp,
spdep","GPL (>= 2) | file LICENCE",NA,NA,NA,NA,"yes","4.1.3"
"MatrixModels","C:/Users/julie/OneDrive/Documents/Master MIASHS/Outils et logiciels d'analyse/Projet/renv/library/R-4.1/x86_64-w64-mingw32","0.5-1",NA,"R (>= 3.6.0)","stats, methods, Matrix (>= 1.4-2)",NA,NA,NA,"GPL (>= 2)",NA,NA,NA,NA,"no","4.1.3"
"mgcv","C:/Users/julie/OneDrive/Documents/Master MIASHS/Outils et logiciels d'analyse/Projet/renv/library/R-4.1/x86_64-w64-mingw32","1.8-40","recommended","R (>= 3.6.0), nlme (>= 3.1-64)","methods, stats, graphics, Matrix, splines, utils",NA,"parallel, survival, MASS",NA,"GPL (>= 2)",NA,NA,NA,NA,"yes","4.1.3"
"mime","C:/Users/julie/OneDrive/Documents/Master MIASHS/Outils et logiciels d'analyse/Projet/renv/library/R-4.1/x86_64-w64-mingw32","0.12",NA,NA,"tools",NA,NA,NA,"GPL",NA,NA,NA,NA,"yes","4.1.1"
"miniUI","C:/Users/julie/OneDrive/Documents/Master MIASHS/Outils et logiciels d'analyse/Projet/renv/library/R-4.1/x86_64-w64-mingw32","0.1.1.1",NA,NA,"shiny (>= 0.13), htmltools (>= 0.3), utils",NA,NA,NA,"GPL-3",NA,NA,NA,NA,"no","4.1.3"
"minqa","C:/Users/julie/OneDrive/Documents/Master MIASHS/Outils et logiciels d'analyse/Projet/renv/library/R-4.1/x86_64-w64-mingw32","1.2.4",NA,NA,"Rcpp (>= 0.9.10)","Rcpp",NA,NA,"GPL-2",NA,NA,NA,NA,"yes","4.1.3"
"modelr","C:/Users/julie/OneDrive/Documents/Master MIASHS/Outils et logiciels d'analyse/Projet/renv/library/R-4.1/x86_64-w64-mingw32","0.1.9",NA,"R (>= 3.2)","broom, magrittr, purrr (>= 0.2.2), rlang (>= 0.2.0), tibble,
tidyr (>= 0.8.0), tidyselect, vctrs",NA,"compiler, covr, ggplot2, testthat",NA,"GPL-3",NA,NA,NA,NA,"no","4.1.3"
"multcompView","C:/Users/julie/OneDrive/Documents/Master MIASHS/Outils et logiciels d'analyse/Projet/renv/library/R-4.1/x86_64-w64-mingw32","0.1-8",NA,NA,"grid",NA,"multcomp, pgirmess, MASS",NA,"GPL",NA,NA,NA,NA,"no","4.1.3"
"munsell","C:/Users/julie/OneDrive/Documents/Master MIASHS/Outils et logiciels d'analyse/Projet/renv/library/R-4.1/x86_64-w64-mingw32","0.5.0",NA,NA,"colorspace, methods",NA,"ggplot2, testthat",NA,"MIT + file LICENSE",NA,NA,NA,NA,"no","4.1.3"
"mvtnorm","C:/Users/julie/OneDrive/Documents/Master MIASHS/Outils et logiciels d'analyse/Projet/renv/library/R-4.1/x86_64-w64-mingw32","1.1-3",NA,"R(>= 3.5.0)","stats, methods",NA,NA,NA,"GPL-2",NA,NA,NA,NA,"yes","4.1.1"
"nlme","C:/Users/julie/OneDrive/Documents/Master MIASHS/Outils et logiciels d'analyse/Projet/renv/library/R-4.1/x86_64-w64-mingw32","3.1-157","recommended","R (>= 3.5.0)","graphics, stats, utils, lattice",NA,"Hmisc, MASS, SASmixed",NA,"GPL (>= 2)",NA,NA,NA,NA,"yes","4.1.3"
"nloptr","C:/Users/julie/OneDrive/Documents/Master MIASHS/Outils et logiciels d'analyse/Projet/renv/library/R-4.1/x86_64-w64-mingw32","2.0.3",NA,NA,NA,"testthat","knitr, rmarkdown, xml2, testthat (>= 3.0.0), covr",NA,"LGPL (>= 3)",NA,NA,NA,NA,"yes","4.1.3"
"nnet","C:/Users/julie/OneDrive/Documents/Master MIASHS/Outils et logiciels d'analyse/Projet/renv/library/R-4.1/x86_64-w64-mingw32","7.3-17","recommended","R (>= 3.0.0), stats, utils",NA,NA,"MASS",NA,"GPL-2 | GPL-3",NA,NA,NA,NA,"yes","4.1.3"
"numDeriv","C:/Users/julie/OneDrive/Documents/Master MIASHS/Outils et logiciels d'analyse/Projet/renv/library/R-4.1/x86_64-w64-mingw32","2016.8-1.1",NA,"R (>= 2.11.1)",NA,NA,NA,NA,"GPL-2",NA,NA,NA,NA,"no","4.1.1"
"openssl","C:/Users/julie/OneDrive/Documents/Master MIASHS/Outils et logiciels d'analyse/Projet/renv/library/R-4.1/x86_64-w64-mingw32","2.0.0",NA,NA,"askpass",NA,"curl, testthat (>= 2.1.0), digest, knitr, rmarkdown,
jsonlite, jose, sodium",NA,"MIT + file LICENSE",NA,NA,NA,NA,"yes","4.1.3"
"pbkrtest","C:/Users/julie/OneDrive/Documents/Master MIASHS/Outils et logiciels d'analyse/Projet/renv/library/R-4.1/x86_64-w64-mingw32","0.5.1",NA,"R (>= 3.5.0), lme4 (>= 1.1.10)","broom, dplyr, magrittr, MASS, Matrix (>= 1.2.3), methods,
numDeriv, parallel, knitr",NA,NA,NA,"GPL (>= 2)",NA,NA,NA,NA,"no","4.1.3"
"pillar","C:/Users/julie/OneDrive/Documents/Master MIASHS/Outils et logiciels d'analyse/Projet/renv/library/R-4.1/x86_64-w64-mingw32","1.7.0",NA,NA,"cli (>= 2.3.0), crayon (>= 1.3.4), ellipsis (>= 0.3.2), fansi,
glue, lifecycle, rlang (>= 0.3.0), utf8 (>= 1.1.0), utils,
vctrs (>= 0.3.8)",NA,"bit64, debugme, DiagrammeR, dplyr, formattable, ggplot2,
knitr, lubridate, nanotime, nycflights13, palmerpenguins,
rmarkdown, scales, stringi, survival, testthat (>= 3.1.1),
tibble, units (>= 0.7.2), vdiffr, withr",NA,"MIT + file LICENSE",NA,NA,NA,NA,"no","4.1.3"
"pkgconfig","C:/Users/julie/OneDrive/Documents/Master MIASHS/Outils et logiciels d'analyse/Projet/renv/library/R-4.1/x86_64-w64-mingw32","2.0.3",NA,NA,"utils",NA,"covr, testthat, disposables (>= 1.0.3)",NA,"MIT + file LICENSE",NA,NA,NA,NA,"no","4.1.3"
"pkgload","C:/Users/julie/OneDrive/Documents/Master MIASHS/Outils et logiciels d'analyse/Projet/renv/library/R-4.1/x86_64-w64-mingw32","1.2.4",NA,NA,"cli, crayon, desc, methods, rlang, rprojroot, rstudioapi,
utils, withr",NA,"bitops, covr, pkgbuild, Rcpp, testthat",NA,"GPL-3",NA,NA,NA,NA,"no","4.1.3"
"praise","C:/Users/julie/OneDrive/Documents/Master MIASHS/Outils et logiciels d'analyse/Projet/renv/library/R-4.1/x86_64-w64-mingw32","1.0.0",NA,NA,NA,NA,"testthat",NA,"MIT + file LICENSE",NA,NA,NA,NA,"no","4.1.3"
"prettyunits","C:/Users/julie/OneDrive/Documents/Master MIASHS/Outils et logiciels d'analyse/Projet/renv/library/R-4.1/x86_64-w64-mingw32","1.1.1",NA,NA,NA,NA,"codetools, covr, testthat",NA,"MIT + file LICENSE",NA,NA,NA,NA,"no","4.1.3"
"processx","C:/Users/julie/OneDrive/Documents/Master MIASHS/Outils et logiciels d'analyse/Projet/renv/library/R-4.1/x86_64-w64-mingw32","3.5.3",NA,"R (>= 3.4.0)","ps (>= 1.2.0), R6, utils",NA,"callr (>= 3.7.0), cli (>= 1.1.0), codetools, covr, curl,
debugme, parallel, testthat (>= 3.0.0), withr",NA,"MIT + file LICENSE",NA,NA,NA,NA,"yes","4.1.3"
"progress","C:/Users/julie/OneDrive/Documents/Master MIASHS/Outils et logiciels d'analyse/Projet/renv/library/R-4.1/x86_64-w64-mingw32","1.2.2",NA,NA,"hms, prettyunits, R6, crayon",NA,"Rcpp, testthat, withr",NA,"MIT + file LICENSE",NA,NA,NA,NA,"no","4.1.3"
"promises","C:/Users/julie/OneDrive/Documents/Master MIASHS/Outils et logiciels d'analyse/Projet/renv/library/R-4.1/x86_64-w64-mingw32","1.2.0.1",NA,NA,"R6, Rcpp, later, rlang, stats, magrittr","later, Rcpp","testthat, future (>= 1.21.0), fastmap (>= 1.1.0), purrr,
knitr, rmarkdown, vembedr, spelling",NA,"MIT + file LICENSE",NA,NA,NA,NA,"yes","4.1.3"
"proxy","C:/Users/julie/OneDrive/Documents/Master MIASHS/Outils et logiciels d'analyse/Projet/renv/library/R-4.1/x86_64-w64-mingw32","0.4-26",NA,"R (>= 3.4.0)","stats, utils",NA,"cba",NA,"GPL-2",NA,NA,NA,NA,"yes","4.1.3"
"ps","C:/Users/julie/OneDrive/Documents/Master MIASHS/Outils et logiciels d'analyse/Projet/renv/library/R-4.1/x86_64-w64-mingw32","1.7.0",NA,"R (>= 3.4)","utils",NA,"callr, covr, curl, pingr, processx (>= 3.1.0), R6, rlang,
testthat (>= 3.0.0), tibble",NA,"MIT + file LICENSE",NA,NA,NA,NA,"yes","4.1.3"
"purrr","C:/Users/julie/OneDrive/Documents/Master MIASHS/Outils et logiciels d'analyse/Projet/renv/library/R-4.1/x86_64-w64-mingw32","0.3.4",NA,"R (>= 3.2)","magrittr (>= 1.5), rlang (>= 0.3.1)",NA,"covr, crayon, dplyr (>= 0.7.8), knitr, rmarkdown, testthat,
tibble, tidyselect",NA,"GPL-3 | file LICENSE",NA,NA,NA,NA,"yes","4.1.3"
"quantreg","C:/Users/julie/OneDrive/Documents/Master MIASHS/Outils et logiciels d'analyse/Projet/renv/library/R-4.1/x86_64-w64-mingw32","5.94",NA,"R (>= 3.5), stats, SparseM","methods, graphics, Matrix, MatrixModels, survival, MASS",NA,"tripack, interp, rgl, logspline, nor1mix, Formula, zoo,
R.rsp, conquer",NA,"GPL (>= 2)",NA,NA,NA,NA,"yes","4.1.3"
"questionr","C:/Users/julie/OneDrive/Documents/Master MIASHS/Outils et logiciels d'analyse/Projet/renv/library/R-4.1/x86_64-w64-mingw32","0.7.7",NA,"R (>= 3.5.0)","shiny (>= 1.0.5), miniUI, rstudioapi, highr, styler, classInt,
htmltools, graphics, stats, utils, labelled (>= 2.6.0)",NA,"testthat, roxygen2, dplyr, ggplot2, tidyr, janitor, forcats,
knitr, rmarkdown, survey, Hmisc",NA,"GPL (>= 2)",NA,NA,NA,NA,"no","4.1.3"
"R.cache","C:/Users/julie/OneDrive/Documents/Master MIASHS/Outils et logiciels d'analyse/Projet/renv/library/R-4.1/x86_64-w64-mingw32","0.15.0",NA,"R (>= 2.14.0)","utils, R.methodsS3 (>= 1.8.1), R.oo (>= 1.24.0), R.utils (>=
2.10.1), digest (>= 0.6.13)",NA,NA,NA,"LGPL (>= 2.1)",NA,NA,NA,NA,"no","4.1.2"
"R.methodsS3","C:/Users/julie/OneDrive/Documents/Master MIASHS/Outils et logiciels d'analyse/Projet/renv/library/R-4.1/x86_64-w64-mingw32","1.8.1",NA,"R (>= 2.13.0)","utils",NA,"codetools",NA,"LGPL (>= 2.1)",NA,NA,NA,NA,"no","4.1.1"
"R.oo","C:/Users/julie/OneDrive/Documents/Master MIASHS/Outils et logiciels d'analyse/Projet/renv/library/R-4.1/x86_64-w64-mingw32","1.24.0",NA,"R (>= 2.13.0), R.methodsS3 (>= 1.8.0)","methods, utils",NA,"tools",NA,"LGPL (>= 2.1)",NA,NA,NA,NA,"no","4.1.1"
"R.utils","C:/Users/julie/OneDrive/Documents/Master MIASHS/Outils et logiciels d'analyse/Projet/renv/library/R-4.1/x86_64-w64-mingw32","2.11.0",NA,"R (>= 2.14.0), R.oo (>= 1.24.0)","methods, utils, tools, R.methodsS3 (>= 1.8.1)",NA,"digest (>= 0.6.10)",NA,"LGPL (>= 2.1)",NA,NA,NA,NA,"no","4.1.2"
"R6","C:/Users/julie/OneDrive/Documents/Master MIASHS/Outils et logiciels d'analyse/Projet/renv/library/R-4.1/x86_64-w64-mingw32","2.5.1",NA,"R (>= 3.0)",NA,NA,"testthat, pryr",NA,"MIT + file LICENSE",NA,NA,NA,NA,"no","4.1.3"
"rappdirs","C:/Users/julie/OneDrive/Documents/Master MIASHS/Outils et logiciels d'analyse/Projet/renv/library/R-4.1/x86_64-w64-mingw32","0.3.3",NA,"R (>= 3.2)",NA,NA,"roxygen2, testthat (>= 3.0.0), covr, withr",NA,"MIT + file LICENSE",NA,NA,NA,NA,"yes","4.1.3"
"RColorBrewer","C:/Users/julie/OneDrive/Documents/Master MIASHS/Outils et logiciels d'analyse/Projet/renv/library/R-4.1/x86_64-w64-mingw32","1.1-3",NA,"R (>= 2.0.0)",NA,NA,NA,NA,"Apache License 2.0",NA,NA,NA,NA,"no","4.1.3"
"Rcpp","C:/Users/julie/OneDrive/Documents/Master MIASHS/Outils et logiciels d'analyse/Projet/renv/library/R-4.1/x86_64-w64-mingw32","1.0.8.3",NA,NA,"methods, utils",NA,"tinytest, inline, rbenchmark, pkgKitten (>= 0.1.2)",NA,"GPL (>= 2)",NA,NA,NA,NA,"yes","4.1.3"
"RcppEigen","C:/Users/julie/OneDrive/Documents/Master MIASHS/Outils et logiciels d'analyse/Projet/renv/library/R-4.1/x86_64-w64-mingw32","0.3.3.9.2",NA,NA,"Matrix (>= 1.1-0), Rcpp (>= 0.11.0), stats, utils","Rcpp","inline, tinytest, pkgKitten, microbenchmark",NA,"GPL (>= 2) | file LICENSE",NA,NA,NA,NA,"yes","4.1.3"
"readr","C:/Users/julie/OneDrive/Documents/Master MIASHS/Outils et logiciels d'analyse/Projet/renv/library/R-4.1/x86_64-w64-mingw32","2.1.2",NA,"R (>= 3.1)","cli (>= 3.0.0), clipr, crayon, hms (>= 0.4.1), lifecycle (>=
0.2.0), methods, R6, rlang, tibble, utils, vroom (>= 1.5.6)","cpp11, tzdb (>= 0.1.1)","covr, curl, datasets, knitr, rmarkdown, spelling, stringi,
testthat (>= 3.1.2), tzdb (>= 0.1.1), waldo, withr, xml2",NA,"MIT + file LICENSE",NA,NA,NA,NA,"yes","4.1.3"
"readxl","C:/Users/julie/OneDrive/Documents/Master MIASHS/Outils et logiciels d'analyse/Projet/renv/library/R-4.1/x86_64-w64-mingw32","1.4.1",NA,"R (>= 3.4)","cellranger, tibble (>= 2.0.1), utils","cpp11 (>= 0.4.0), progress","knitr, rmarkdown, testthat (>= 3.0.0)",NA,"MIT + file LICENSE",NA,NA,NA,NA,"yes","4.1.3"
"rematch","C:/Users/julie/OneDrive/Documents/Master MIASHS/Outils et logiciels d'analyse/Projet/renv/library/R-4.1/x86_64-w64-mingw32","1.0.1",NA,NA,NA,NA,"covr, testthat",NA,"MIT + file LICENSE",NA,NA,NA,NA,"no","4.1.3"
"rematch2","C:/Users/julie/OneDrive/Documents/Master MIASHS/Outils et logiciels d'analyse/Projet/renv/library/R-4.1/x86_64-w64-mingw32","2.1.2",NA,NA,"tibble",NA,"covr, testthat",NA,"MIT + file LICENSE",NA,NA,NA,NA,"no","4.1.2"
"renv","C:/Users/julie/OneDrive/Documents/Master MIASHS/Outils et logiciels d'analyse/Projet/renv/library/R-4.1/x86_64-w64-mingw32","0.16.0",NA,NA,"utils",NA,"BiocManager, cli, covr, devtools, jsonlite, knitr, miniUI,
packrat, pak, R6, remotes, reticulate, rmarkdown, rstudioapi,
shiny, testthat, uuid, yaml",NA,"MIT + file LICENSE",NA,NA,NA,NA,"no","4.1.3"
"reprex","C:/Users/julie/OneDrive/Documents/Master MIASHS/Outils et logiciels d'analyse/Projet/renv/library/R-4.1/x86_64-w64-mingw32","2.0.2",NA,"R (>= 3.4)","callr (>= 3.6.0), cli (>= 3.2.0), clipr (>= 0.4.0), fs, glue,
knitr (>= 1.23), lifecycle, rlang (>= 1.0.0), rmarkdown,
rstudioapi, utils, withr (>= 2.3.0)",NA,"covr, fortunes, miniUI, mockr, rprojroot, sessioninfo, shiny,
spelling, styler (>= 1.2.0), testthat (>= 3.0.2)",NA,"MIT + file LICENSE",NA,NA,NA,NA,"no","4.1.3"
"rlang","C:/Users/julie/OneDrive/Documents/Master MIASHS/Outils et logiciels d'analyse/Projet/renv/library/R-4.1/x86_64-w64-mingw32","1.0.2",NA,"R (>= 3.4.0)","utils",NA,"cli (>= 3.1.0), covr, crayon, fs, glue, knitr, magrittr,
methods, pillar, rmarkdown, stats, testthat (>= 3.0.0), tibble,
usethis, vctrs (>= 0.2.3), withr","winch","MIT + file LICENSE",NA,NA,NA,NA,"yes","4.1.3"
"rmarkdown","C:/Users/julie/OneDrive/Documents/Master MIASHS/Outils et logiciels d'analyse/Projet/renv/library/R-4.1/x86_64-w64-mingw32","2.14",NA,"R (>= 3.0)","bslib (>= 0.2.5.1), evaluate (>= 0.13), htmltools (>= 0.3.5),
jquerylib, jsonlite, knitr (>= 1.22), methods, stringr (>=
1.2.0), tinytex (>= 0.31), tools, utils, xfun (>= 0.30), yaml
(>= 2.1.19)",NA,"digest, dygraphs, fs, rsconnect, downlit (>= 0.4.0), katex
(>= 1.4.0), sass (>= 0.4.0), shiny (>= 1.6.0), testthat (>=
3.0.3), tibble, tufte, vctrs, withr (>= 2.4.2)",NA,"GPL-3",NA,NA,NA,NA,"no","4.1.2"
"rprojroot","C:/Users/julie/OneDrive/Documents/Master MIASHS/Outils et logiciels d'analyse/Projet/renv/library/R-4.1/x86_64-w64-mingw32","2.0.3",NA,"R (>= 3.0.0)",NA,NA,"covr, knitr, lifecycle, mockr, rmarkdown, testthat (>=
3.0.0), withr",NA,"MIT + file LICENSE",NA,NA,NA,NA,"no","4.1.3"
"rstudioapi","C:/Users/julie/OneDrive/Documents/Master MIASHS/Outils et logiciels d'analyse/Projet/renv/library/R-4.1/x86_64-w64-mingw32","0.13",NA,NA,NA,NA,"testthat, knitr, rmarkdown, clipr",NA,"MIT + file LICENSE",NA,NA,NA,NA,"no","4.1.2"
"rvest","C:/Users/julie/OneDrive/Documents/Master MIASHS/Outils et logiciels d'analyse/Projet/renv/library/R-4.1/x86_64-w64-mingw32","1.0.3",NA,"R (>= 3.2)","glue, cli, httr (>= 0.5), lifecycle (>= 1.0.0), magrittr,
rlang (>= 1.0.0), selectr, tibble, xml2 (>= 1.3), withr",NA,"covr, knitr, readr, repurrrsive, rmarkdown, spelling, stringi
(>= 0.3.1), testthat (>= 3.0.2), webfakes",NA,"MIT + file LICENSE",NA,NA,NA,NA,"no","4.1.3"
"sass","C:/Users/julie/OneDrive/Documents/Master MIASHS/Outils et logiciels d'analyse/Projet/renv/library/R-4.1/x86_64-w64-mingw32","0.4.1",NA,NA,"fs, rlang (>= 0.4.10), htmltools (>= 0.5.1), R6, rappdirs",NA,"testthat, knitr, rmarkdown, withr, shiny, curl",NA,"MIT + file LICENSE",NA,NA,NA,NA,"yes","4.1.3"
"scales","C:/Users/julie/OneDrive/Documents/Master MIASHS/Outils et logiciels d'analyse/Projet/renv/library/R-4.1/x86_64-w64-mingw32","1.2.0",NA,"R (>= 3.2)","farver (>= 2.0.3), labeling, lifecycle, munsell (>= 0.5), R6,
RColorBrewer, rlang (>= 1.0.0), viridisLite",NA,"bit64, covr, dichromat, ggplot2, hms (>= 0.5.0), stringi,
testthat (>= 3.0.0), waldo (>= 0.4.0)",NA,"MIT + file LICENSE",NA,NA,NA,NA,"no","4.1.3"
"scatterplot3d","C:/Users/julie/OneDrive/Documents/Master MIASHS/Outils et logiciels d'analyse/Projet/renv/library/R-4.1/x86_64-w64-mingw32","0.3-42",NA,"R (>= 2.7.0)","grDevices, graphics, stats",NA,NA,NA,"GPL-2",NA,NA,NA,NA,"no","4.1.3"
"selectr","C:/Users/julie/OneDrive/Documents/Master MIASHS/Outils et logiciels d'analyse/Projet/renv/library/R-4.1/x86_64-w64-mingw32","0.4-2",NA,"R (>= 3.0)","methods, stringr, R6",NA,"testthat, XML, xml2",NA,"BSD_3_clause + file LICENCE",NA,NA,NA,NA,"no","4.1.3"
"shiny","C:/Users/julie/OneDrive/Documents/Master MIASHS/Outils et logiciels d'analyse/Projet/renv/library/R-4.1/x86_64-w64-mingw32","1.7.2",NA,"R (>= 3.0.2), methods","utils, grDevices, httpuv (>= 1.5.2), mime (>= 0.3), jsonlite
(>= 0.9.16), xtable, fontawesome (>= 0.2.1), htmltools (>=
0.5.2), R6 (>= 2.0), sourcetools, later (>= 1.0.0), promises
(>= 1.1.0), tools, crayon, rlang (>= 0.4.10), fastmap (>=
1.1.0), withr, commonmark (>= 1.7), glue (>= 1.3.2), bslib (>=
0.3.0), cachem, ellipsis, lifecycle (>= 0.2.0)",NA,"datasets, Cairo (>= 1.5-5), testthat (>= 3.0.0), knitr (>=
1.6), markdown, rmarkdown, ggplot2, reactlog (>= 1.0.0),
magrittr, yaml, future, dygraphs, ragg, showtext, sass",NA,"GPL-3 | file LICENSE",NA,NA,NA,NA,"no","4.1.3"
"sourcetools","C:/Users/julie/OneDrive/Documents/Master MIASHS/Outils et logiciels d'analyse/Projet/renv/library/R-4.1/x86_64-w64-mingw32","0.1.7",NA,"R (>= 3.0.2)",NA,NA,"testthat",NA,"MIT + file LICENSE",NA,NA,NA,NA,"yes","4.1.3"
"SparseM","C:/Users/julie/OneDrive/Documents/Master MIASHS/Outils et logiciels d'analyse/Projet/renv/library/R-4.1/x86_64-w64-mingw32","1.81",NA,"R (>= 2.15), methods","graphics, stats, utils",NA,NA,NA,"GPL (>= 2)",NA,NA,NA,NA,"yes","4.1.1"
"stringi","C:/Users/julie/OneDrive/Documents/Master MIASHS/Outils et logiciels d'analyse/Projet/renv/library/R-4.1/x86_64-w64-mingw32","1.7.6",NA,"R (>= 3.1)","tools, utils, stats",NA,NA,NA,"file LICENSE","yes",NA,NA,NA,"yes","4.1.2"
"stringr","C:/Users/julie/OneDrive/Documents/Master MIASHS/Outils et logiciels d'analyse/Projet/renv/library/R-4.1/x86_64-w64-mingw32","1.4.0",NA,"R (>= 3.1)","glue (>= 1.2.0), magrittr, stringi (>= 1.1.7)",NA,"covr, htmltools, htmlwidgets, knitr, rmarkdown, testthat",NA,"GPL-2 | file LICENSE",NA,NA,NA,NA,"no","4.1.3"
"styler","C:/Users/julie/OneDrive/Documents/Master MIASHS/Outils et logiciels d'analyse/Projet/renv/library/R-4.1/x86_64-w64-mingw32","1.7.0",NA,"R (>= 3.4.0)","cli (>= 3.1.1), magrittr (>= 2.0.0), purrr (>= 0.2.3), R.cache
(>= 0.15.0), rematch2 (>= 2.0.1), rlang (>= 0.1.1), rprojroot
(>= 1.1), tibble (>= 1.4.2), tools, withr (>= 1.0.0),",NA,"data.tree (>= 0.1.6), digest, dplyr, here, knitr, prettycode,
rmarkdown, roxygen2, rstudioapi (>= 0.7), testthat (>= 2.1.0)",NA,"MIT + file LICENSE",NA,NA,NA,NA,"no","4.1.3"
"survival","C:/Users/julie/OneDrive/Documents/Master MIASHS/Outils et logiciels d'analyse/Projet/renv/library/R-4.1/x86_64-w64-mingw32","3.3-1","recommended","R (>= 3.5.0)","graphics, Matrix, methods, splines, stats, utils",NA,NA,NA,"LGPL (>= 2)",NA,NA,NA,NA,"yes","4.1.3"
"sys","C:/Users/julie/OneDrive/Documents/Master MIASHS/Outils et logiciels d'analyse/Projet/renv/library/R-4.1/x86_64-w64-mingw32","3.4",NA,NA,NA,NA,"unix (>= 1.4), spelling, testthat",NA,"MIT + file LICENSE",NA,NA,NA,NA,"yes","4.1.3"
"testthat","C:/Users/julie/OneDrive/Documents/Master MIASHS/Outils et logiciels d'analyse/Projet/renv/library/R-4.1/x86_64-w64-mingw32","3.1.4",NA,"R (>= 3.1)","brio, callr (>= 3.5.1), cli (>= 3.3.0), crayon (>= 1.3.4),
desc, digest, ellipsis (>= 0.2.0), evaluate, jsonlite,
lifecycle, magrittr, methods, pkgload, praise, processx, ps (>=
1.3.4), R6 (>= 2.2.0), rlang (>= 1.0.1), utils, waldo (>=
0.4.0), withr (>= 2.4.3)",NA,"covr, curl (>= 0.9.5), diffviewer (>= 0.1.0), knitr, mockery,
rmarkdown, rstudioapi, shiny, usethis, vctrs (>= 0.1.0), xml2",NA,"MIT + file LICENSE",NA,NA,NA,NA,"yes","4.1.3"
"tibble","C:/Users/julie/OneDrive/Documents/Master MIASHS/Outils et logiciels d'analyse/Projet/renv/library/R-4.1/x86_64-w64-mingw32","3.1.7",NA,"R (>= 3.1.0)","ellipsis (>= 0.3.2), fansi (>= 0.4.0), lifecycle (>= 1.0.0),
magrittr, methods, pillar (>= 1.7.0), pkgconfig, rlang (>=
1.0.1), utils, vctrs (>= 0.3.8)",NA,"bench, bit64, blob, brio, callr, cli, covr, crayon (>=
1.3.4), DiagrammeR, dplyr, evaluate, formattable, ggplot2, hms,
htmltools, knitr, lubridate, mockr, nycflights13, pkgbuild,
pkgload, purrr, rmarkdown, stringi, testthat (>= 3.0.2), tidyr,
withr",NA,"MIT + file LICENSE",NA,NA,NA,NA,"yes","4.1.3"
"tidyr","C:/Users/julie/OneDrive/Documents/Master MIASHS/Outils et logiciels d'analyse/Projet/renv/library/R-4.1/x86_64-w64-mingw32","1.2.0",NA,"R (>= 3.1)","dplyr (>= 1.0.0), ellipsis (>= 0.1.0), glue, lifecycle,
magrittr, purrr, rlang, tibble (>= 2.1.1), tidyselect (>=
1.1.0), utils, vctrs (>= 0.3.7)","cpp11 (>= 0.4.0)","covr, data.table, jsonlite, knitr, readr, repurrrsive (>=
1.0.0), rmarkdown, testthat (>= 3.0.0)",NA,"MIT + file LICENSE",NA,NA,NA,NA,"yes","4.1.3"
"tidyselect","C:/Users/julie/OneDrive/Documents/Master MIASHS/Outils et logiciels d'analyse/Projet/renv/library/R-4.1/x86_64-w64-mingw32","1.1.2",NA,"R (>= 3.2)","ellipsis, glue (>= 1.3.0), purrr (>= 0.3.2), rlang (>= 1.0.1),
vctrs (>= 0.3.0)",NA,"covr, crayon, dplyr, knitr, magrittr, rmarkdown, testthat (>=
3.1.1), tibble (>= 2.1.3), withr",NA,"MIT + file LICENSE",NA,NA,NA,NA,"yes","4.1.3"
"tidyverse","C:/Users/julie/OneDrive/Documents/Master MIASHS/Outils et logiciels d'analyse/Projet/renv/library/R-4.1/x86_64-w64-mingw32","1.3.2",NA,"R (>= 3.3)","broom (>= 0.7.10), cli (>= 3.1.0), crayon (>= 1.4.2), dbplyr
(>= 2.1.1), dplyr (>= 1.0.7), dtplyr (>= 1.2.0), forcats (>=
0.5.1), ggplot2 (>= 3.3.5), googledrive (>= 2.0.0),
googlesheets4 (>= 1.0.0), haven (>= 2.4.3), hms (>= 1.1.1),
httr (>= 1.4.2), jsonlite (>= 1.7.2), lubridate (>= 1.8.0),
magrittr (>= 2.0.1), modelr (>= 0.1.8), pillar (>= 1.6.4),
purrr (>= 0.3.4), readr (>= 2.1.1), readxl (>= 1.3.1), reprex
(>= 2.0.1), rlang (>= 0.4.12), rstudioapi (>= 0.13), rvest (>=
1.0.2), stringr (>= 1.4.0), tibble (>= 3.1.6), tidyr (>=
1.1.4), xml2 (>= 1.3.3)",NA,"covr, feather, glue, knitr, rmarkdown, testthat",NA,"MIT + file LICENSE",NA,NA,NA,NA,"no","4.1.3"
"tinytex","C:/Users/julie/OneDrive/Documents/Master MIASHS/Outils et logiciels d'analyse/Projet/renv/library/R-4.1/x86_64-w64-mingw32","0.39",NA,NA,"xfun (>= 0.29)",NA,"testit, rstudioapi",NA,"MIT + file LICENSE",NA,NA,NA,NA,"no","4.1.3"
"tzdb","C:/Users/julie/OneDrive/Documents/Master MIASHS/Outils et logiciels d'analyse/Projet/renv/library/R-4.1/x86_64-w64-mingw32","0.3.0",NA,"R (>= 3.4.0)",NA,"cpp11 (>= 0.4.2)","covr, testthat (>= 3.0.0)",NA,"MIT + file LICENSE",NA,NA,NA,NA,"yes","4.1.3"
"utf8","C:/Users/julie/OneDrive/Documents/Master MIASHS/Outils et logiciels d'analyse/Projet/renv/library/R-4.1/x86_64-w64-mingw32","1.2.2",NA,"R (>= 2.10)",NA,NA,"cli, covr, knitr, rlang, rmarkdown, testthat (>= 3.0.0),
withr",NA,"Apache License (== 2.0) | file LICENSE",NA,NA,NA,NA,"yes","4.1.3"
"uuid","C:/Users/julie/OneDrive/Documents/Master MIASHS/Outils et logiciels d'analyse/Projet/renv/library/R-4.1/x86_64-w64-mingw32","1.1-0",NA,"R (>= 2.9.0)",NA,NA,NA,NA,"MIT + file LICENSE",NA,NA,NA,NA,"yes","4.1.3"
"vctrs","C:/Users/julie/OneDrive/Documents/Master MIASHS/Outils et logiciels d'analyse/Projet/renv/library/R-4.1/x86_64-w64-mingw32","0.4.1",NA,"R (>= 3.3)","cli (>= 3.2.0), glue, rlang (>= 1.0.2)",NA,"bit64, covr, crayon, dplyr (>= 0.8.5), generics, knitr,
pillar (>= 1.4.4), pkgdown (>= 2.0.1), rmarkdown, testthat (>=
3.0.0), tibble (>= 3.1.3), withr, xml2, waldo (>= 0.2.0),
zeallot",NA,"MIT + file LICENSE",NA,NA,NA,NA,"yes","4.1.3"
"viridisLite","C:/Users/julie/OneDrive/Documents/Master MIASHS/Outils et logiciels d'analyse/Projet/renv/library/R-4.1/x86_64-w64-mingw32","0.4.0",NA,"R (>= 2.10)",NA,NA,"hexbin (>= 1.27.0), ggplot2 (>= 1.0.1), testthat, covr",NA,"MIT + file LICENSE",NA,NA,NA,NA,"no","4.1.3"
"vroom","C:/Users/julie/OneDrive/Documents/Master MIASHS/Outils et logiciels d'analyse/Projet/renv/library/R-4.1/x86_64-w64-mingw32","1.5.7",NA,"R (>= 3.1)","bit64, crayon, cli, glue, hms, lifecycle, methods, rlang (>=
0.4.2), stats, tibble (>= 2.0.0), tzdb (>= 0.1.1), vctrs (>=
0.2.0), tidyselect, withr","progress (>= 1.2.1), cpp11 (>= 0.2.0), tzdb (>= 0.1.1)","archive, bench (>= 1.1.0), covr, curl, dplyr, forcats, fs,
ggplot2, knitr, patchwork, prettyunits, purrr, rmarkdown,
rstudioapi, scales, spelling, testthat (>= 2.1.0), tidyr,
utils, waldo, xml2",NA,"MIT + file LICENSE",NA,NA,NA,NA,"yes","4.1.3"
"waldo","C:/Users/julie/OneDrive/Documents/Master MIASHS/Outils et logiciels d'analyse/Projet/renv/library/R-4.1/x86_64-w64-mingw32","0.4.0",NA,NA,"cli, diffobj (>= 0.3.4), fansi, glue, methods, rematch2, rlang
(>= 1.0.0), tibble",NA,"covr, R6, testthat (>= 3.0.0), withr, xml2",NA,"MIT + file LICENSE",NA,NA,NA,NA,"no","4.1.3"
"withr","C:/Users/julie/OneDrive/Documents/Master MIASHS/Outils et logiciels d'analyse/Projet/renv/library/R-4.1/x86_64-w64-mingw32","2.5.0",NA,"R (>= 3.2.0)","graphics, grDevices, stats",NA,"callr, covr, DBI, knitr, lattice, methods, rlang, rmarkdown
(>= 2.12), RSQLite, testthat (>= 3.0.0)",NA,"MIT + file LICENSE",NA,NA,NA,NA,"no","4.1.3"
"xfun","C:/Users/julie/OneDrive/Documents/Master MIASHS/Outils et logiciels d'analyse/Projet/renv/library/R-4.1/x86_64-w64-mingw32","0.30",NA,NA,"stats, tools",NA,"testit, parallel, codetools, rstudioapi, tinytex (>= 0.30),
mime, markdown, knitr, htmltools, remotes, pak, rhub, renv,
curl, jsonlite, rmarkdown",NA,"MIT + file LICENSE",NA,NA,NA,NA,"yes","4.1.3"
"xml2","C:/Users/julie/OneDrive/Documents/Master MIASHS/Outils et logiciels d'analyse/Projet/renv/library/R-4.1/x86_64-w64-mingw32","1.3.3",NA,"R (>= 3.1.0)","methods",NA,"covr, curl, httr, knitr, magrittr, mockery, rmarkdown,
testthat (>= 2.1.0)",NA,"MIT + file LICENSE",NA,NA,NA,NA,"yes","4.1.3"
"xtable","C:/Users/julie/OneDrive/Documents/Master MIASHS/Outils et logiciels d'analyse/Projet/renv/library/R-4.1/x86_64-w64-mingw32","1.8-4",NA,"R (>= 2.10.0)","stats, utils",NA,"knitr, plm, zoo, survival",NA,"GPL (>= 2)",NA,NA,NA,NA,"no","4.1.3"
"yaml","C:/Users/julie/OneDrive/Documents/Master MIASHS/Outils et logiciels d'analyse/Projet/renv/library/R-4.1/x86_64-w64-mingw32","2.3.5",NA,NA,NA,NA,"RUnit",NA,"BSD_3_clause + file LICENSE",NA,NA,NA,NA,"yes","4.1.2"
"base","C:/Users/julie/AppData/Local/Temp/Rtmpklws6m/renv-system-library","4.1.2","base",NA,NA,NA,"methods",NA,"Part of R 4.1.2",NA,NA,NA,NA,NA,"4.1.2"
"boot","C:/Users/julie/AppData/Local/Temp/Rtmpklws6m/renv-system-library","1.3-28","recommended","R (>= 3.0.0), graphics, stats",NA,NA,"MASS, survival",NA,"Unlimited",NA,NA,NA,NA,"no","4.1.2"
"class","C:/Users/julie/AppData/Local/Temp/Rtmpklws6m/renv-system-library","7.3-20","recommended","R (>= 3.0.0), stats, utils","MASS",NA,NA,NA,"GPL-2 | GPL-3",NA,NA,NA,NA,"yes","4.1.3"
"cluster","C:/Users/julie/AppData/Local/Temp/Rtmpklws6m/renv-system-library","2.1.3","recommended","R (>= 3.5.0)","graphics, grDevices, stats, utils",NA,"MASS, Matrix",NA,"GPL (>= 2)",NA,NA,NA,NA,"yes","4.1.3"
"codetools","C:/Users/julie/AppData/Local/Temp/Rtmpklws6m/renv-system-library","0.2-18","recommended","R (>= 2.1)",NA,NA,NA,NA,"GPL",NA,NA,NA,NA,"no","4.1.2"
"compiler","C:/Users/julie/AppData/Local/Temp/Rtmpklws6m/renv-system-library","4.1.2","base",NA,NA,NA,NA,NA,"Part of R 4.1.2",NA,NA,NA,NA,NA,"4.1.2"
"datasets","C:/Users/julie/AppData/Local/Temp/Rtmpklws6m/renv-system-library","4.1.2","base",NA,NA,NA,NA,NA,"Part of R 4.1.2",NA,NA,NA,NA,NA,"4.1.2"
"foreign","C:/Users/julie/AppData/Local/Temp/Rtmpklws6m/renv-system-library","0.8-82","recommended","R (>= 4.0.0)","methods, utils, stats",NA,NA,NA,"GPL (>= 2)",NA,NA,NA,NA,"yes","4.1.2"
"graphics","C:/Users/julie/AppData/Local/Temp/Rtmpklws6m/renv-system-library","4.1.2","base",NA,"grDevices",NA,NA,NA,"Part of R 4.1.2",NA,NA,NA,NA,"yes","4.1.2"
"grDevices","C:/Users/julie/AppData/Local/Temp/Rtmpklws6m/renv-system-library","4.1.2","base",NA,NA,NA,"KernSmooth",NA,"Part of R 4.1.2",NA,NA,NA,NA,"yes","4.1.2"
"grid","C:/Users/julie/AppData/Local/Temp/Rtmpklws6m/renv-system-library","4.1.2","base",NA,"grDevices, utils",NA,NA,NA,"Part of R 4.1.2",NA,NA,NA,NA,"yes","4.1.2"
"KernSmooth","C:/Users/julie/AppData/Local/Temp/Rtmpklws6m/renv-system-library","2.23-20","recommended","R (>= 2.5.0), stats",NA,NA,"MASS, carData",NA,"Unlimited",NA,NA,NA,NA,"yes","4.1.2"
"lattice","C:/Users/julie/AppData/Local/Temp/Rtmpklws6m/renv-system-library","0.20-45","recommended","R (>= 3.0.0)","grid, grDevices, graphics, stats, utils",NA,"KernSmooth, MASS, latticeExtra","chron","GPL (>= 2)",NA,NA,NA,NA,"yes","4.1.2"
"MASS","C:/Users/julie/AppData/Local/Temp/Rtmpklws6m/renv-system-library","7.3-57","recommended","R (>= 3.3.0), grDevices, graphics, stats, utils","methods",NA,"lattice, nlme, nnet, survival",NA,"GPL-2 | GPL-3",NA,NA,NA,NA,"yes","4.1.3"
"Matrix","C:/Users/julie/AppData/Local/Temp/Rtmpklws6m/renv-system-library","1.5-3","recommended","R (>= 3.5.0), methods","graphics, grid, lattice, stats, utils",NA,"expm, MASS","MatrixModels, graph, SparseM, sfsmisc, igraph, maptools, sp,
spdep","GPL (>= 2) | file LICENCE",NA,NA,NA,NA,"yes","4.1.3"
"methods","C:/Users/julie/AppData/Local/Temp/Rtmpklws6m/renv-system-library","4.1.2","base",NA,"utils, stats",NA,"codetools",NA,"Part of R 4.1.2",NA,NA,NA,NA,"yes","4.1.2"
"mgcv","C:/Users/julie/AppData/Local/Temp/Rtmpklws6m/renv-system-library","1.8-40","recommended","R (>= 3.6.0), nlme (>= 3.1-64)","methods, stats, graphics, Matrix, splines, utils",NA,"parallel, survival, MASS",NA,"GPL (>= 2)",NA,NA,NA,NA,"yes","4.1.3"
"nlme","C:/Users/julie/AppData/Local/Temp/Rtmpklws6m/renv-system-library","3.1-157","recommended","R (>= 3.5.0)","graphics, stats, utils, lattice",NA,"Hmisc, MASS, SASmixed",NA,"GPL (>= 2)",NA,NA,NA,NA,"yes","4.1.3"
"nnet","C:/Users/julie/AppData/Local/Temp/Rtmpklws6m/renv-system-library","7.3-17","recommended","R (>= 3.0.0), stats, utils",NA,NA,"MASS",NA,"GPL-2 | GPL-3",NA,NA,NA,NA,"yes","4.1.3"
"parallel","C:/Users/julie/AppData/Local/Temp/Rtmpklws6m/renv-system-library","4.1.2","base",NA,"tools, compiler",NA,"methods","snow, nws, Rmpi","Part of R 4.1.2",NA,NA,NA,NA,"yes","4.1.2"
"rpart","C:/Users/julie/AppData/Local/Temp/Rtmpklws6m/renv-system-library","4.1.16","recommended","R (>= 2.15.0), graphics, stats, grDevices",NA,NA,"survival",NA,"GPL-2 | GPL-3",NA,NA,NA,NA,"yes","4.1.3"
"spatial","C:/Users/julie/AppData/Local/Temp/Rtmpklws6m/renv-system-library","7.3-15","recommended","R (>= 3.0.0), graphics, stats, utils",NA,NA,"MASS",NA,"GPL-2 | GPL-3",NA,NA,NA,NA,"yes","4.1.3"
"splines","C:/Users/julie/AppData/Local/Temp/Rtmpklws6m/renv-system-library","4.1.2","base",NA,"graphics, stats",NA,"Matrix, methods",NA,"Part of R 4.1.2",NA,NA,NA,NA,"yes","4.1.2"
"stats","C:/Users/julie/AppData/Local/Temp/Rtmpklws6m/renv-system-library","4.1.2","base",NA,"utils, grDevices, graphics",NA,"MASS, Matrix, SuppDists, methods, stats4",NA,"Part of R 4.1.2",NA,NA,NA,NA,"yes","4.1.2"
"stats4","C:/Users/julie/AppData/Local/Temp/Rtmpklws6m/renv-system-library","4.1.2","base",NA,"graphics, methods, stats",NA,NA,NA,"Part of R 4.1.2",NA,NA,NA,NA,NA,"4.1.2"
"survival","C:/Users/julie/AppData/Local/Temp/Rtmpklws6m/renv-system-library","3.3-1","recommended","R (>= 3.5.0)","graphics, Matrix, methods, splines, stats, utils",NA,NA,NA,"LGPL (>= 2)",NA,NA,NA,NA,"yes","4.1.3"
"tcltk","C:/Users/julie/AppData/Local/Temp/Rtmpklws6m/renv-system-library","4.1.2","base",NA,"utils",NA,NA,NA,"Part of R 4.1.2",NA,NA,NA,NA,"yes","4.1.2"
"tools","C:/Users/julie/AppData/Local/Temp/Rtmpklws6m/renv-system-library","4.1.2","base",NA,NA,NA,"codetools, methods, xml2, curl, commonmark",NA,"Part of R 4.1.2",NA,NA,NA,NA,"yes","4.1.2"
"utils","C:/Users/julie/AppData/Local/Temp/Rtmpklws6m/renv-system-library","4.1.2","base",NA,NA,NA,"methods, xml2, commonmark",NA,"Part of R 4.1.2",NA,NA,NA,NA,"yes","4.1.2"
